{
  "grid": {
    "width": 120,
    "height": 120,
    "initial_pop_size": 4000,
    "number_iterations": 5000
  },
  "render": {
    "cell_size": 6,
    "color_model": "SIR",
    "shape_model": "SD",
    "fps": 0
  },
  "person": {
    "age_range": [10, 80],
    "movement_prob": 0.50,
    "altruistic_movement_prob": 0.0,
    "move_length": 6,
    "initial_infection_prob": 0.0005,
    "altruistic_prob": 0.0,
    "policy_type": "high"
  },
  "_comment": {
    "policy_type": "Options for policy_type",
    "very high": {"social_distance_prob": "0.98", "wear_mask_prob": "0.98"},
    "high": {"social_distance_prob": "0.85", "wear_mask_prob": "0.85"},
    "medium": {"social_distance_prob": "0.7", "wear_mask_prob": "0.7"},
    "low": {"social_distance_prob": "0.50", "wear_mask_prob": "0.50"}
  },
  "disease": {
    "base_infection_prob": 0.3,
    "mask_infection_prob_decrease": 0.2776022,
    "total_length_infection": 14,
    "incubation_period_duration_range": [4, 6],
    "infectious_period_duration_range": [8, 9],
    "infectious_start_before_symptoms_range": [2, 3],
    "severity_prob": 0.19,
    "severe_symptoms_start_range": [2, 4],
    "death_occurrence_range": [2, 4],
    "asymptomatic_prob": 0.35,
    "death_prob": 0.49
  }
}
